,Amine,Amine equivalents,Acid,Acid equivalents,Catalyst,Catalyst Loading /%,Yield /%,Time /h,Temperature,Organic Solvent,Secondary Solvent,Ratio (v/v),Reference,Product
0,NCC1=CC=CC=C1,1,O=C(C1CCCCC1)O,1.0,C[N+]1=CC=C(B(O)O)C=C1.[I-],5,59,2.0,,Toluene,1-ethyl-3-methylimidazolium  tri-fluoromethanesulfonate,5.0,10.1016/j.tet.2007.03.157,O=C(NCc1ccccc1)C1CCCCC1
1,NCC1=CC=CC=C1,1,O=C(C1CCCCC1)O,1.0,C[N+]1=CC=CC(B(O)O)=C1.[I-],5,54,2.0,,Toluene,1-ethyl-3-methylimidazolium  tri-fluoromethanesulfonate,5.0,10.1016/j.tet.2007.03.157,O=C(NCc1ccccc1)C1CCCCC1
2,NCC1=CC=CC=C1,1,O=C(C1CCCCC1)O,1.0,OB(C1=CC=CN=C1)O,5,43,2.0,,Toluene,1-ethyl-3-methylimidazolium  tri-fluoromethanesulfonate,5.0,10.1016/j.tet.2007.03.157,O=C(NCc1ccccc1)C1CCCCC1
3,NCC1=CC=CC=C1,1,O=C(C1CCCCC1)O,1.0,OB(C1=CC=NC=C1)O,5,8,2.0,,Toluene,1-ethyl-3-methylimidazolium  tri-fluoromethanesulfonate,5.0,10.1016/j.tet.2007.03.157,O=C(NCc1ccccc1)C1CCCCC1
4,NCC1=CC=CC=C1,1,O=C(O)CCCC1=CC=CC=C1,1.0,C[N+]1=CC=C(B(O)O)C=C1.[I-],5,41,1.0,,Toluene,,,10.1016/j.tet.2007.03.157,O=C(CCCc1ccccc1)NCc1ccccc1
5,NCC1=CC=CC=C1,1,O=C(O)CCCC1=CC=CC=C1,1.0,C[N+]1=CC=C(B(O)O)C=C1.[I-],5,74,1.0,,Toluene,1-ethyl-3-methylimidazolium  tri-fluoromethanesulfonate,5.0,10.1016/j.tet.2007.03.157,O=C(CCCc1ccccc1)NCc1ccccc1
6,NCC1=CC=CC=C1,1,O=C(O)CCCC1=CC=CC=C1,1.0,C[N+]1=CC=C(B(O)O)C=C1.[I-],5,99,5.0,,Toluene,1-ethyl-3-methylimidazolium  tri-fluoromethanesulfonate,5.0,10.1016/j.tet.2007.03.157,O=C(CCCc1ccccc1)NCc1ccccc1
7,NCC1=CC=CC=C1,1,O=C(O)CCCC1=CC=CC=C1,1.0,OB(C1=CC(C(F)(F)F)=CC(C(F)(F)F)=C1)O,5,88,1.0,,Toluene,1-ethyl-3-methylimidazolium  tri-fluoromethanesulfonate,5.0,10.1016/j.tet.2007.03.157,O=C(CCCc1ccccc1)NCc1ccccc1
8,NCC1=CC=CC=C1,1,O=C(C1CCCCC1)O,1.0,C[N+]1=CC=C(B(O)O)C=C1.[I-],5,92,6.0,,Toluene,1-ethyl-3-methylimidazolium  tri-fluoromethanesulfonate,5.0,10.1016/j.tet.2007.03.157,O=C(NCc1ccccc1)C1CCCCC1
9,CNCC1=CC=CC=C1,1,O=C(O)CCCC1=CC=CC=C1,1.0,C[N+]1=CC=C(B(O)O)C=C1.[I-],5,95,18.0,,Toluene,1-ethyl-3-methylimidazolium  tri-fluoromethanesulfonate,5.0,10.1016/j.tet.2007.03.157,CN(Cc1ccccc1)C(=O)CCCc1ccccc1
10,NCC1=CC=CC=C1,1,COC(C(O)=O)C1=CC=CC=C1,1.0,C[N+]1=CC=C(B(O)O)C=C1.[I-],5,98,5.0,,Toluene,1-ethyl-3-methylimidazolium  tri-fluoromethanesulfonate,5.0,10.1016/j.tet.2007.03.157,COC(C(=O)NCc1ccccc1)c1ccccc1
11,NCC1=CC=CC=C1,1,COC(C(O)=O)C1=CC=CC=C1,1.0,C[N+]1=CC=C(B(O)O)C=C1.[I-],5,93,5.0,,Toluene,1-ethyl-3-methylimidazolium  tri-fluoromethanesulfonate,5.0,10.1016/j.tet.2007.03.157,COC(C(=O)NCc1ccccc1)c1ccccc1
12,NCC1=CC=CC=C1,1,COC(C(O)=O)C1=CC=CC=C1,1.0,C[N+]1=CC=C(B(O)O)C=C1.[I-],5,95,5.0,,Toluene,1-ethyl-3-methylimidazolium  tri-fluoromethanesulfonate,5.0,10.1016/j.tet.2007.03.157,COC(C(=O)NCc1ccccc1)c1ccccc1
13,NCC1=CC=CC=C1,1,OC(C(O)=O)C1=CC=CC=C1,1.0,C[N+]1=CC=C(B(O)O)C=C1.[I-],5,91,18.0,,o-Xylene,1-ethyl-3-methylimidazolium  tri-fluoromethanesulfonate,5.0,10.1016/j.tet.2007.03.157,O=C(NCc1ccccc1)C(O)c1ccccc1
14,NC1=CC=CC=C1,1,COC(C(O)=O)C1=CC=CC=C1,1.0,C[N+]1=CC=C(B(O)O)C=C1.[I-],5,80,18.0,,o-Xylene,1-ethyl-3-methylimidazolium  tri-fluoromethanesulfonate,5.0,10.1016/j.tet.2007.03.157,COC(C(=O)Nc1ccccc1)c1ccccc1
15,NCC1=CC=CC=C1,1,O=C(C12CC3CC(C2)CC(C3)C1)O,1.0,C[N+]1=CC=C(B(O)O)C=C1.[I-],5,91,10.0,,o-Xylene,1-ethyl-3-methylimidazolium  tri-fluoromethanesulfonate,5.0,10.1016/j.tet.2007.03.157,O=C(NCc1ccccc1)C12CC3CC(CC(C3)C1)C2
16,NCC1=CC=CC=C1,1,OC(/C=C/C1=CC=CC=C1)=O,1.0,C[N+]1=CC=C(B(O)O)C=C1.[I-],5,90,3.0,,o-Xylene,1-ethyl-3-methylimidazolium  tri-fluoromethanesulfonate,5.0,10.1016/j.tet.2007.03.157,O=C(/C=C/c1ccccc1)NCc1ccccc1
17,NCC1=CC=CC=C1,1,O=C(C1=CC=CC=C1)O,1.0,C[N+]1=CC=C(B(O)O)C=C1.[I-],5,98,6.0,,o-Xylene,1-ethyl-3-methylimidazolium  tri-fluoromethanesulfonate,5.0,10.1016/j.tet.2007.03.157,O=C(NCc1ccccc1)c1ccccc1
18,NCC1=CC=CC=C1,1,N#CC1=CC=C(C(O)=O)C=C1,1.0,C[N+]1=CC=C(B(O)O)C=C1.[I-],5,99,5.0,,o-Xylene,1-ethyl-3-methylimidazolium  tri-fluoromethanesulfonate,5.0,10.1016/j.tet.2007.03.157,N#Cc1ccc(C(=O)NCc2ccccc2)cc1
19,NCC1=CC=CC=C1,1,N#CC1=CC=C(C(O)=O)C=C1,1.0,C[N+]1=CC=C(B(O)O)C=C1.[I-],5,98,5.0,,o-Xylene,1-ethyl-3-methylimidazolium  tri-fluoromethanesulfonate,5.0,10.1016/j.tet.2007.03.157,N#Cc1ccc(C(=O)NCc2ccccc2)cc1
20,NCC1=CC=CC=C1,1,N#CC1=CC=C(C(O)=O)C=C1,1.0,C[N+]1=CC=C(B(O)O)C=C1.[I-],5,99,5.0,,o-Xylene,1-ethyl-3-methylimidazolium  tri-fluoromethanesulfonate,5.0,10.1016/j.tet.2007.03.157,N#Cc1ccc(C(=O)NCc2ccccc2)cc1
21,NCC1=CC=CC=C1,1,O=C(O)CCCC1=CC=CC=C1,1.0,C12=C(OBO2)C=CC=C1,5,61,1.0,,Toluene,,,10.1016/j.tet.2007.03.157,O=C(CCCc1ccccc1)NCc1ccccc1
22,NCC1=CC=CC=C1,1,O=C(O)CCCC1=CC=CC=C1,1.0,OB1OC2=C(Cl)C(Cl)=C(Cl)C(Cl)=C2O1,5,93,1.0,,Toluene,,,10.1016/j.tet.2007.03.157,O=C(CCCc1ccccc1)NCc1ccccc1
23,NCC1=CC=CC=C1,1,O=C(O)CCCC1=CC=CC=C1,1.0,O=C1C(OB(O)O1)=O,5,64,1.0,,Toluene,,,10.1016/j.tet.2007.03.157,O=C(CCCc1ccccc1)NCc1ccccc1
24,NCC1=CC=CC=C1,1,O=C(O)CCCC1=CC=CC=C1,1.0,O=C1C(C)(C)OB(O)O1,5,74,1.0,,Toluene,,,10.1016/j.tet.2007.03.157,O=C(CCCc1ccccc1)NCc1ccccc1
25,NCC1=CC=CC=C1,1,O=C(O)CCCC1=CC=CC=C1,1.0,OB(O)O,5,31,1.0,,Toluene,,,10.1016/j.tet.2007.03.157,O=C(CCCc1ccccc1)NCc1ccccc1
26,NCC1=CC=CC=C1,1,O=C(O)CCCC1=CC=CC=C1,1.0,OB(O)C1=CC(C(F)(F)F)=CC(C(F)(F)F)=C1,5,96,1.0,,Toluene,,,10.1016/j.tet.2007.03.157,O=C(CCCc1ccccc1)NCc1ccccc1
27,NCC1=CC=CC=C1,1,O=C(O)C1CCCCC1,1.0,OB1OC2=C(Cl)C(Cl)=C(Cl)C(Cl)=C2O1,5,52,1.0,,Toluene,,,10.1016/j.tet.2007.03.157,O=C(NCc1ccccc1)C1CCCCC1
28,NCC1=CC=CC=C1,1,O=C(O)C1CCCCC1,1.0,[H]B1OC2=C(C(Cl)=C(C(Cl)=C2O1)Cl)Cl,5,62,1.0,,Toluene,,,10.1016/j.tet.2007.03.157,O=C(NCc1ccccc1)C1CCCCC1
29,NCC1=CC=CC=C1,1,O=C(O)C1CCCCC1,1.0,OB(O)C1=CC(C(F)(F)F)=CC(C(F)(F)F)=C1,5,32,1.0,,Toluene,,,10.1016/j.tet.2007.03.157,O=C(NCc1ccccc1)C1CCCCC1
30,NCC1=CC=CC=C1,1,O=C(O)C1CCCCC1,1.0,OB(O)O,5,2,1.0,,Toluene,,,10.1016/j.tet.2007.03.157,O=C(NCc1ccccc1)C1CCCCC1
31,NCC1=CC=CC=C1,1,O=C(O)C1CCCCC1,1.0,ClC1=C2OB(OC3=C(O)C(Cl)=C(Cl)C(Cl)=C3Cl)OC2=C(Cl)C(Cl)=C1Cl,5,3,1.0,,Toluene,,,10.1016/j.tet.2007.03.157,O=C(NCc1ccccc1)C1CCCCC1
32,NCC1=CC=CC=C1,1,O=C(O)CCCC1=CC=CC=C1,1.0,OB(O)C1=CC(C(F)(F)F)=CC(C(F)(F)F)=C1,5,60,0.25,,Toluene,,,10.1016/j.tet.2007.03.157,O=C(CCCc1ccccc1)NCc1ccccc1
33,NCC1=CC=CC=C1,1,O=C(O)CCCC1=CC=CC=C1,1.0,[H]B1OC2=C(C(Cl)=C(C(Cl)=C2O1)Cl)Cl,5,41,0.25,,Toluene,,,10.1016/j.tet.2007.03.157,O=C(CCCc1ccccc1)NCc1ccccc1
34,CNCC1=CC=CC=C1,1,O=C(O)CCCC1=CC=CC=C1,1.0,OB(O)C1=CC(C(F)(F)F)=CC(C(F)(F)F)=C1,5,42,1.0,,Toluene,,,10.1016/j.tet.2007.03.157,CN(Cc1ccccc1)C(=O)CCCc1ccccc1
35,CNCC1=CC=CC=C1,1,O=C(O)CCCC1=CC=CC=C1,1.0,[H]B1OC2=C(C(Cl)=C(C(Cl)=C2O1)Cl)Cl,5,26,1.0,,Toluene,,,10.1016/j.tet.2007.03.157,CN(Cc1ccccc1)C(=O)CCCc1ccccc1
36,NCC1=CC=CC=C1,1,O=C(O)C1=CC=CC=C1,1.0,OB(O)C1=CC(C(F)(F)F)=CC(C(F)(F)F)=C1,5,59,0.5,,o-Xylene,,,10.1016/j.tet.2007.03.157,O=C(NCc1ccccc1)c1ccccc1
37,NCC1=CC=CC=C1,1,O=C(O)C1=CC=CC=C1,1.0,[H]B1OC2=C(C(Cl)=C(C(Cl)=C2O1)Cl)Cl,5,51,0.5,,o-Xylene,,,10.1016/j.tet.2007.03.157,O=C(NCc1ccccc1)c1ccccc1
38,CNCC1=CC=CC=C1,1,O=C(O)C1=CC=CC=C1,1.0,OB(O)C1=CC(C(F)(F)F)=CC(C(F)(F)F)=C1,5,37,1.0,,o-Xylene,,,10.1016/j.tet.2007.03.157,CN(Cc1ccccc1)C(=O)c1ccccc1
39,CNCC1=CC=CC=C1,1,O=C(O)C1=CC=CC=C1,1.0,[H]B1OC2=C(C(Cl)=C(C(Cl)=C2O1)Cl)Cl,5,16,1.0,,o-Xylene,,,10.1016/j.tet.2007.03.157,CN(Cc1ccccc1)C(=O)c1ccccc1
40,NCC1=CC=CC=C1,1,OC(C1CCCCC1)=O,1.0,OB(O)C1=CC(C(F)(F)F)=CC(C(F)(F)F)=C1,5,32,1.0,,Toluene,,,10.1016/j.tet.2007.03.157,O=C(NCc1ccccc1)C1CCCCC1
41,NCC1=CC=CC=C1,1,OC(C1CCCCC1)=O,1.0,[H]B1OC2=C(C(Cl)=C(C(Cl)=C2O1)Cl)Cl,5,62,1.0,,Toluene,,,10.1016/j.tet.2007.03.157,O=C(NCc1ccccc1)C1CCCCC1
42,NCC1=CC=CC=C1,1,OC(C1CCCCC1)=O,1.0,[H]B1OC2=C(C(Cl)=C(C(Cl)=C2O1)Cl)Cl,5,94,5.0,,Toluene,,,10.1016/j.tet.2007.03.157,O=C(NCc1ccccc1)C1CCCCC1
43,NCC1=CC=CC=C1,1,CCC(C(O)=O)CC,1.0,OB(O)C1=CC(C(F)(F)F)=CC(C(F)(F)F)=C1,5,8,24.0,,Toluene,,,10.1016/j.tet.2007.03.157,CCC(CC)C(=O)NCc1ccccc1
44,NCC1=CC=CC=C1,1,CCC(C(O)=O)CC,1.0,[H]B1OC2=C(C(Cl)=C(C(Cl)=C2O1)Cl)Cl,5,93,24.0,,Toluene,,,10.1016/j.tet.2007.03.157,CCC(CC)C(=O)NCc1ccccc1
45,NCC1=CC=CC=C1,1,OC(C(CCC)CCC)=O,1.0,OB(O)C1=CC(C(F)(F)F)=CC(C(F)(F)F)=C1,5,11,19.0,,Toluene,,,10.1016/j.tet.2007.03.157,CCCC(CCC)C(=O)NCc1ccccc1
46,NCC1=CC=CC=C1,1,OC(C(CCC)CCC)=O,1.0,[H]B1OC2=C(C(Cl)=C(C(Cl)=C2O1)Cl)Cl,5,55,19.0,,Toluene,,,10.1016/j.tet.2007.03.157,CCCC(CCC)C(=O)NCc1ccccc1
47,NCC1=CC=CC=C1,1,OC(C(CCC)CCC)=O,1.0,[H]B1OC2=C(C(Cl)=C(C(Cl)=C2O1)Cl)Cl,5,99,24.0,,o-Xylene,,,10.1016/j.tet.2007.03.157,CCCC(CCC)C(=O)NCc1ccccc1
48,NCC1=CC=CC=C1,1,OC(C(C)(C)C)=O,1.0,OB(O)C1=CC(C(F)(F)F)=CC(C(F)(F)F)=C1,5,5,20.0,,Toluene,,,10.1016/j.tet.2007.03.157,CC(C)(C)C(=O)NCc1ccccc1
49,NCC1=CC=CC=C1,1,OC(C(C)(C)C)=O,1.0,[H]B1OC2=C(C(Cl)=C(C(Cl)=C2O1)Cl)Cl,5,55,20.0,,Toluene,,,10.1016/j.tet.2007.03.157,CC(C)(C)C(=O)NCc1ccccc1
50,NCC1=CC=CC=C1,1,OC(C(C)(C)C)=O,1.0,[H]B1OC2=C(C(Cl)=C(C(Cl)=C2O1)Cl)Cl,5,94,15.0,,o-Xylene,,,10.1016/j.tet.2007.03.157,CC(C)(C)C(=O)NCc1ccccc1
51,NCC1=CC=CC=C1,1,CC(C(O)=O)C1=CC=CC=C1,1.0,OB(O)C1=CC(C(F)(F)F)=CC(C(F)(F)F)=C1,5,25,2.0,,Toluene,,,10.1016/j.tet.2007.03.157,CC(C(=O)NCc1ccccc1)c1ccccc1
52,NCC1=CC=CC=C1,1,CC(C(O)=O)C1=CC=CC=C1,1.0,[H]B1OC2=C(C(Cl)=C(C(Cl)=C2O1)Cl)Cl,5,77,2.0,,Toluene,,,10.1016/j.tet.2007.03.157,CC(C(=O)NCc1ccccc1)c1ccccc1
53,NCC1=CC=CC=C1,1,CC(C(O)=O)C1=CC=CC=C1,1.0,[H]B1OC2=C(C(Cl)=C(C(Cl)=C2O1)Cl)Cl,5,95,5.0,,Toluene,,,10.1016/j.tet.2007.03.157,CC(C(=O)NCc1ccccc1)c1ccccc1
54,NCC1=CC=CC=C1,1,O=C(C12CC3CC(C2)CC(C3)C1)O,1.0,OB(O)C1=CC(C(F)(F)F)=CC(C(F)(F)F)=C1,5,15,24.0,,Toluene,,,10.1016/j.tet.2007.03.157,O=C(NCc1ccccc1)C12CC3CC(CC(C3)C1)C2
55,NCC1=CC=CC=C1,1,O=C(C12CC3CC(C2)CC(C3)C1)O,1.0,[H]B1OC2=C(C(Cl)=C(C(Cl)=C2O1)Cl)Cl,5,22,24.0,,Toluene,,,10.1016/j.tet.2007.03.157,O=C(NCc1ccccc1)C12CC3CC(CC(C3)C1)C2
56,NCC1=CC=CC=C1,1,O=C(C12CC3CC(C2)CC(C3)C1)O,1.0,OB(O)C1=CC(C(F)(F)F)=CC(C(F)(F)F)=C1,5,20,20.0,,o-Xylene,,,10.1016/j.tet.2007.03.157,O=C(NCc1ccccc1)C12CC3CC(CC(C3)C1)C2
57,NCC1=CC=CC=C1,1,O=C(C12CC3CC(C2)CC(C3)C1)O,1.0,[H]B1OC2=C(C(Cl)=C(C(Cl)=C2O1)Cl)Cl,5,99,20.0,,o-Xylene,,,10.1016/j.tet.2007.03.157,O=C(NCc1ccccc1)C12CC3CC(CC(C3)C1)C2
58,NCC1=CC=CC=C1,1,O=C(O)C(C1=CC=CC=C1)C2=CC=CC=C2,1.0,OB(O)C1=CC(C(F)(F)F)=CC(C(F)(F)F)=C1,5,30,2.0,,Toluene,,,10.1016/j.tet.2007.03.157,O=C(NCc1ccccc1)C(c1ccccc1)c1ccccc1
59,NCC1=CC=CC=C1,1,O=C(O)C(C1=CC=CC=C1)C2=CC=CC=C2,1.0,[H]B1OC2=C(C(Cl)=C(C(Cl)=C2O1)Cl)Cl,5,32,2.0,,Toluene,,,10.1016/j.tet.2007.03.157,O=C(NCc1ccccc1)C(c1ccccc1)c1ccccc1
60,NCC1=CC=CC=C1,1,O=C(O)C(C1=CC=CC=C1)C2=CC=CC=C2,1.0,[H]B1OC2=C(C(Cl)=C(C(Cl)=C2O1)Cl)Cl,5,93,11.0,,Toluene,,,10.1016/j.tet.2007.03.157,O=C(NCc1ccccc1)C(c1ccccc1)c1ccccc1
61,CNCC1=CC=CC=C1,1,OC(C1CCCCC1)=O,1.0,OB(O)C1=CC(C(F)(F)F)=CC(C(F)(F)F)=C1,5,47,5.0,,o-Xylene,,,10.1016/j.tet.2007.03.157,CN(Cc1ccccc1)C(=O)C1CCCCC1
62,CNCC1=CC=CC=C1,1,OC(C1CCCCC1)=O,1.0,[H]B1OC2=C(C(Cl)=C(C(Cl)=C2O1)Cl)Cl,5,53,5.0,,o-Xylene,,,10.1016/j.tet.2007.03.157,CN(Cc1ccccc1)C(=O)C1CCCCC1
63,CNCC1=CC=CC=C1,1,OC(C1CCCCC1)=O,1.0,[H]B1OC2=C(C(Cl)=C(C(Cl)=C2O1)Cl)Cl,5,93,19.0,,o-Xylene,,,10.1016/j.tet.2007.03.157,CN(Cc1ccccc1)C(=O)C1CCCCC1
64,NCC1=CC=CC=C1,1,C[C@H](NC(OC(C)(C)C)=O)C(O)=O,1.0,OB(O)C1=CC(C(F)(F)F)=CC(C(F)(F)F)=C1,5,35,5.0,,Toluene,,,10.1016/j.tet.2007.03.157,C[C@H](NC(=O)OC(C)(C)C)C(=O)NCc1ccccc1
65,NCC1=CC=CC=C1,1,C[C@H](NC(OC(C)(C)C)=O)C(O)=O,1.0,[H]B1OC2=C(C(Cl)=C(C(Cl)=C2O1)Cl)Cl,5,42,5.0,,Toluene,,,10.1016/j.tet.2007.03.157,C[C@H](NC(=O)OC(C)(C)C)C(=O)NCc1ccccc1
66,NCC1=CC=CC=C1,1,C[C@H](NC(OC(C)(C)C)=O)C(O)=O,1.0,[H]B1OC2=C(C(Cl)=C(C(Cl)=C2O1)Cl)Cl,5,91,20.0,,Toluene,,,10.1016/j.tet.2007.03.157,C[C@H](NC(=O)OC(C)(C)C)C(=O)NCc1ccccc1
67,NCC1=CC=CC=C1,1,CC1=CC=CC=C1C(O)=O,1.0,OB(O)C1=CC(C(F)(F)F)=CC(C(F)(F)F)=C1,5,32,1.0,,o-Xylene,,,10.1016/j.tet.2007.03.157,Cc1ccccc1C(=O)NCc1ccccc1
68,NCC1=CC=CC=C1,1,CC1=CC=CC=C1C(O)=O,1.0,[H]B1OC2=C(C(Cl)=C(C(Cl)=C2O1)Cl)Cl,5,62,1.0,,o-Xylene,,,10.1016/j.tet.2007.03.157,Cc1ccccc1C(=O)NCc1ccccc1
69,NCC1=CC=CC=C1,1,CC1=CC=CC=C1C(O)=O,1.0,[H]B1OC2=C(C(Cl)=C(C(Cl)=C2O1)Cl)Cl,5,92,9.0,,o-Xylene,,,10.1016/j.tet.2007.03.157,Cc1ccccc1C(=O)NCc1ccccc1
70,NCC1=CC=CC=C1,1,O=C(O)CC1=CC=CC=C1,1.0,OB(O)C1=CC(F)=C(F)C(F)=C1,10,22,2.5,25.0,THF,,,10.1002/anie.200705468,O=C(Cc1ccccc1)NCc1ccccc1
71,NCC1=CC=CC=C1,1,O=C(O)CC1=CC=CC=C1,1.0,OB(O)C1=CC(F)=C(F)C(F)=C1,10,42,2.5,25.0,DCM,,,10.1002/anie.200705468,O=C(Cc1ccccc1)NCc1ccccc1
72,NCC1=CC=CC=C1,1,O=C(O)CC1=CC=CC=C1,1.0,OB(O)C1=C(F)C=CC=C1,10,27,2.5,25.0,THF,,,10.1002/anie.200705468,O=C(Cc1ccccc1)NCc1ccccc1
73,NCC1=CC=CC=C1,1,O=C(O)CC1=CC=CC=C1,1.0,OB(O)C1=C(F)C=CC=C1,10,41,2.5,25.0,DCM,,,10.1002/anie.200705468,O=C(Cc1ccccc1)NCc1ccccc1
74,NCC1=CC=CC=C1,1,O=C(O)CC1=CC=CC=C1,1.0,OB(O)C1=C(Cl)C=CC=C1,10,47,2.5,25.0,THF,,,10.1002/anie.200705468,O=C(Cc1ccccc1)NCc1ccccc1
75,NCC1=CC=CC=C1,1,O=C(O)CC1=CC=CC=C1,1.0,OB(O)C1=C(Cl)C=CC=C1,10,64,2.5,25.0,DCM,,,10.1002/anie.200705468,O=C(Cc1ccccc1)NCc1ccccc1
76,NCC1=CC=CC=C1,1,O=C(O)CC1=CC=CC=C1,1.0,OB(O)C1=C(Br)C=CC=C1,10,49,2.5,25.0,THF,,,10.1002/anie.200705468,O=C(Cc1ccccc1)NCc1ccccc1
77,NCC1=CC=CC=C1,1,O=C(O)CC1=CC=CC=C1,1.0,OB(O)C1=C(Br)C=CC=C1,10,76,2.5,25.0,DCM,,,10.1002/anie.200705468,O=C(Cc1ccccc1)NCc1ccccc1
78,NCC1=CC=CC=C1,1,O=C(O)CC1=CC=CC=C1,1.0,OB(O)C1=C(I)C=CC=C1,10,71,2.5,25.0,THF,,,10.1002/anie.200705468,O=C(Cc1ccccc1)NCc1ccccc1
79,NCC1=CC=CC=C1,1,O=C(O)CC1=CC=CC=C1,1.0,OB(O)C1=C(I)C=CC=C1,10,91,2.5,25.0,DCM,,,10.1002/anie.200705468,O=C(Cc1ccccc1)NCc1ccccc1
80,NCC1=CC=CC=C1,1,O=C(O)CC1=CC=CC=C1,1.0,OB(O)C1=C(Br)C=CC=C1,10,99,48.0,25.0,DCM,,,10.1002/anie.200705468,O=C(Cc1ccccc1)NCc1ccccc1
81,CNCC1=CC=CC=C1,1,O=C(O)CC1=CC=CC=C1,1.0,OB(O)C1=C(Br)C=CC=C1,10,0,48.0,25.0,DCM,,,10.1002/anie.200705468,CN(Cc1ccccc1)C(=O)Cc1ccccc1
82,NCCCC,1,O=C(O)CC1=CC=CC=C1,1.0,OB(O)C1=C(Br)C=CC=C1,10,66,48.0,25.0,DCM,,,10.1002/anie.200705468,CCCCNC(=O)Cc1ccccc1
83,NCCCC,1,O=C(O)CC1=CC=CC=C1,1.0,OB(O)C1=C(Br)C=CC=C1,10,87,48.0,25.0,THF,,,10.1002/anie.200705468,CCCCNC(=O)Cc1ccccc1
84,NCC(C)C,1,C=CCCC(O)=O,1.0,OB(O)C1=C(Br)C=CC=C1,10,80,48.0,25.0,DCM,,,10.1002/anie.200705468,C=CCCC(=O)NCC(C)C
85,NCC1=CC=CC=C1,1,CCCCCCC(O)=O,1.0,OB(O)C1=C(Br)C=CC=C1,10,99,48.0,25.0,DCM,,,10.1002/anie.200705468,CCCCCCC(=O)NCc1ccccc1
86,N1CCCC1,1,O=C(O)CC1=CC=CC=C1,1.0,OB(O)C1=C(Br)C=CC=C1,10,41,48.0,25.0,DCM,,,10.1002/anie.200705468,O=C(Cc1ccccc1)N1CCCC1
87,N1CCCC1,1,O=C(O)CC1=CC=CC=C1,1.0,OB(O)C1=C(I)C=CC=C1,10,76,48.0,25.0,DCM,,,10.1002/anie.200705468,O=C(Cc1ccccc1)N1CCCC1
88,N1CCCCC1,1,O=C(O)CC1=CC=CC=C1,1.0,OB(O)C1=C(I)C=CC=C1,10,52,48.0,25.0,DCM,,,10.1002/anie.200705468,O=C(Cc1ccccc1)N1CCCCC1
89,N1CCCCC1,1,O=C(O)CC1=CC=CC=C1,1.0,OB(O)C1=C(I)C=CC=C1,10,97,48.0,25.0,THF,,,10.1002/anie.200705468,O=C(Cc1ccccc1)N1CCCCC1
90,NCC1=CC=CC=C1,1,O=C(O)C1=CC=C(I)C=C1,1.0,OB(O)C1=C(I)C=CC=C1,20,24,48.0,50.0,Toluene,,,10.1002/anie.200705468,O=C(NCc1ccccc1)c1ccc(I)cc1
91,C[C@@]1(CCC2)C(C=CC(C(C)C)=C3)=C3CC[C@@]1([H])[C@]2(C)CN,1,OC(CCC=C)=O,1.0,OB(O)C1=C(I)C=CC=C1,10,74,48.0,25.0,DCM,,,10.1002/anie.200705468,C=CCCC(=O)NC[C@]1(C)CCC[C@]2(C)c3ccc(C(C)C)cc3CC[C@H]21
92,NCC1=CC=CC=C1,1,OC(COC(C=C12)=CC=C2NC=C1CCNC(OC(C)(C)C)=O)=O,1.0,OB(O)C1=C(I)C=CC=C1,20,95,48.0,25.0,DCM,,,10.1002/anie.200705468,CC(C)(C)OC(=O)NCCc1c[nH]c2ccc(OCC(=O)NCc3ccccc3)cc12
93,CC1=C(C2=C(N1)C=CC(OC)=C2)CC(NCC(C)C)=O,1,ClC1=CC=C(C=C1)C(O)=O,1.0,OB(O)C1=C(Br)C=CC=C1,10,73,48.0,25.0,DCM,,,10.1002/anie.200705468,COc1ccc2[nH]c(C)c(CC(=O)N(CC(C)C)C(=O)c3ccc(Cl)cc3)c2c1
94,CC1=C(C2=C(N1)C=CC(OC)=C2)CC(NCC3=CC=CC=C3)=O,1,ClC1=CC=C(C=C1)C(O)=O,1.0,OB(O)C1=C(Br)C=CC=C1,10,93,48.0,25.0,DCM,,,10.1002/anie.200705468,COc1ccc2[nH]c(C)c(CC(=O)N(Cc3ccccc3)C(=O)c3ccc(Cl)cc3)c2c1
95,NCC1=CC=CC=C1,1,C[C@H](C(O)=O)C1=CC=C(CC(C)C)C=C1,1.0,OB(O)C1=C(I)C=CC=C1,10,73,48.0,25.0,THF,,,10.1002/anie.200705468,CC(C)Cc1ccc([C@H](C)C(=O)NCc2ccccc2)cc1
96,N[C@H](C)C1=CC=CC=C1,1,C[C@H](C(O)=O)C1=CC=C(CC(C)C)C=C1,1.0,OB(O)C1=C(I)C=CC=C1,20,70,16.0,25.0,THF,,,10.1002/anie.200705468,CC(C)Cc1ccc([C@H](C)C(=O)N[C@H](C)c2ccccc2)cc1
97,CC1CC(C)CNC1,1,O=C(O)CCCC1=CC=CC=C1,1.0,OB(O)C1=CC(F)=C(F)C(F)=C1,5,74,1.0,,Toluene,,,10.1021/jo9606564,CC1CC(C)CN(C(=O)CCCc2ccccc2)C1
98,CC1CC(C)CNC1,1,O=C(O)CCCC1=CC=CC=C1,1.0,OB(O)C1=CC([N+]([O-])=O)=CC=C1,5,60,1.0,,Toluene,,,10.1021/jo9606564,CC1CC(C)CN(C(=O)CCCc2ccccc2)C1
99,CC1CC(C)CNC1,1,O=C(O)CCCC1=CC=CC=C1,1.0,OB(O)C1=CC(C(F)(F)F)=CC(C(F)(F)F)=C1,5,56,1.0,,Toluene,,,10.1021/jo9606564,CC1CC(C)CN(C(=O)CCCc2ccccc2)C1
100,CC1CC(C)CNC1,1,O=C(O)CCCC1=CC=CC=C1,1.0,OB(O)C1=CC=C(C(F)(F)F)C=C1,5,54,1.0,,Toluene,,,10.1021/jo9606564,CC1CC(C)CN(C(=O)CCCc2ccccc2)C1
101,CC1CC(C)CNC1,1,O=C(O)CCCC1=CC=CC=C1,1.0,OB(O)C1=CC=CC=C1,5,23,1.0,,Toluene,,,10.1021/jo9606564,CC1CC(C)CN(C(=O)CCCc2ccccc2)C1
102,CC1CC(C)CNC1,1,O=C(O)CCCC1=CC=CC=C1,1.0,OB(O)C1=C(C(F)(F)F)C=C(C(F)(F)F)C=C1C(F)(F)F,5,21,1.0,,Toluene,,,10.1021/jo9606564,CC1CC(C)CN(C(=O)CCCc2ccccc2)C1
103,CC1CC(C)CNC1,1,O=C(O)CCCC1=CC=CC=C1,1.0,OB(C1=CC(F)=C(F)C(F)=C1F)O,5,11,1.0,,Toluene,,,10.1021/jo9606564,CC1CC(C)CN(C(=O)CCCc2ccccc2)C1
104,NCC1=CC=CC=C1,1,O=C(O)CCCC1=CC=CC=C1,1.0,OB(O)C1=CC(F)=C(F)C(F)=C1,1,96,18.0,,Toluene,,,10.1021/jo9606564,O=C(CCCc1ccccc1)NCc1ccccc1
105,CC1CC(C)CNC1,1,O=C(O)CCCC1=CC=CC=C1,1.0,OB(O)C1=CC(F)=C(F)C(F)=C1,1,99,16.0,,Toluene,,,10.1021/jo9606564,CC1CC(C)CN(C(=O)CCCc2ccccc2)C1
106,CCCNCCC,1,O=C(O)CCCC1=CC=CC=C1,1.0,OB(O)C1=CC(F)=C(F)C(F)=C1,1,56,20.0,,Xylene,,,10.1021/jo9606564,CCCN(CCC)C(=O)CCCc1ccccc1
107,CCCNCCC,1,O=C(O)CCCC1=CC=CC=C1,1.0,OB(O)C1=CC(F)=C(F)C(F)=C1,1,99,14.5,,Mesitylene,,,10.1021/jo9606564,CCCN(CCC)C(=O)CCCc1ccccc1
108,NC1=CC=CC=C1,1,O=C(O)CCCC1=CC=CC=C1,1.0,OB(O)C1=CC(F)=C(F)C(F)=C1,1,99,4.0,,Mesitylene,,,10.1021/jo9606564,O=C(CCCc1ccccc1)Nc1ccccc1
109,NCC1=CC=CC=C1,1,O=C(O)C1CCCCC1,1.0,OB(O)C1=CC(F)=C(F)C(F)=C1,1,96,18.0,,Xylene,,,10.1021/jo9606564,O=C(NCc1ccccc1)C1CCCCC1
110,NCCC1=CC=CC=C1,1,O=C(C12CC3CC(C2)CC(C3)C1)O,1.0,OB(O)C1=CC(F)=C(F)C(F)=C1,1,92,2.0,,Mesitylene,,,10.1021/jo9606564,O=C(NCCc1ccccc1)C12CC3CC(CC(C3)C1)C2
111,CC1CC(CNC1)C,1,O=C(O)/C=C/C1=CC=CC=C1,1.0,OB(O)C1=CC(F)=C(F)C(F)=C1,1,99,29.0,,Xylene,,,10.1021/jo9606564,CC1CC(C)CN(C(=O)/C=C/c2ccccc2)C1
112,CC1CC(CNC1)C,1,O=C(O)C1=CC=CC=C1,1.0,OB(O)C1=CC(F)=C(F)C(F)=C1,1,95,20.0,,Mesitylene,,,10.1021/jo9606564,CC1CC(C)CN(C(=O)c2ccccc2)C1
113,NCC1=CC=CC=C1,1,O=C(O)[C@@H](O)C1=CC=CC=C1,1.0,OB(O)C1=CC(F)=C(F)C(F)=C1,10,95,10.0,,Toluene,,,10.1021/jo9606564,O=C(NCc1ccccc1)[C@@H](O)c1ccccc1
114,NCC1=CC=CC=C1,1,O=C(O)[C@@H](O)C(CC)C,1.0,OB(O)C1=CC(F)=C(F)C(F)=C1,10,87,10.0,,Toluene,,,10.1021/jo9606564,CCC(C)[C@H](O)C(=O)NCc1ccccc1
115,NCC1=CC=CC=C1,1,O=C(O)[C@@H](O)C(C)C,1.0,OB(O)C1=CC(F)=C(F)C(F)=C1,10,96,10.0,,Toluene,,,10.1021/jo9606564,CC(C)[C@H](O)C(=O)NCc1ccccc1
116,NC(C)C1=CC=CC=C1,1,OC(C1=CC=CC=C1)=O,1.0,OB(C1=C(C=CC=C1)CN(C(C)C)C(C)C)O,10,52,48.0,85.0,fluorobenzene,,,10.1002/anie.200705643,CC(NC(=O)c1ccccc1)c1ccccc1
117,NCC1=CC=CC=C1,1,OC(CCCC1=CC=CC=C1)=O,1.0,OB(C1=C(C=CC=C1)CN(C(C)C)C(C)C)O,10,68,24.0,85.0,fluorobenzene,,,10.1039/b712008g,O=C(CCCc1ccccc1)NCc1ccccc1
118,NCCCCC1=CC=CC=C1,1,OC(CCCC1=CC=CC=C1)=O,1.0,OB(C1=C(C=CC=C1)CN(C(C)C)C(C)C)O,10,70,24.0,85.0,fluorobenzene,,,10.1039/b712008g,O=C(CCCc1ccccc1)NCCCCc1ccccc1
119,NC1=CC=CC=C1,1,OC(CCCC1=CC=CC=C1)=O,1.0,OB(C1=C(C=CC=C1)CN(C(C)C)C(C)C)O,1,46,22.0,,Toluene,,,10.1039/b712008g,O=C(CCCc1ccccc1)Nc1ccccc1
120,C1COCCN1,1,OC(CCCC1=CC=CC=C1)=O,1.0,OB(C1=C(C=CC=C1)CN(C(C)C)C(C)C)O,10,67,24.0,85.0,Toluene,,,10.1039/b712008g,O=C(CCCc1ccccc1)N1CCOCC1
121,NC(C)C1=CC=CC=C1,1,OC(CCCC1=CC=CC=C1)=O,1.0,OB(C1=C(C=CC=C1)CN(C(C)C)C(C)C)O,10,53,22.0,85.0,fluorobenzene,,,10.1039/b712008g,CC(NC(=O)CCCc1ccccc1)c1ccccc1
122,NCC1=CC=CC=C1,1,OC(C1=CC=CC=C1)=O,1.0,OB(C1=C(C=CC=C1)CN(C(C)C)C(C)C)O,10,50,24.0,85.0,fluorobenzene,,,10.1039/b712008g,O=C(NCc1ccccc1)c1ccccc1
123,NCCCCC1=CC=CC=C1,1,OC(C1=CC=CC=C1)=O,1.0,OB(C1=C(C=CC=C1)CN(C(C)C)C(C)C)O,10,55,48.0,85.0,fluorobenzene,,,10.1039/b712008g,O=C(NCCCCc1ccccc1)c1ccccc1
124,NCCCCC1=CC=CC=C1,1,OC(C1=CC=CC=C1)=O,1.0,OB(C1=C(C=CC=C1)CN(C(C)C)C(C)C)O,5,71,24.0,,Toluene,,,10.1039/b712008g,O=C(NCCCCc1ccccc1)c1ccccc1
125,NCCCCC1=CC=CC=C1,1,OC(C1=CC=CC=C1)=O,1.0,OB(C1=C(C=CC=C1)CN(C(C)C)C(C)C)O,10,75,24.0,,Toluene,,,10.1039/b712008g,O=C(NCCCCc1ccccc1)c1ccccc1
126,C1COCCN1,1,OC(C1=CC=CC=C1)=O,1.0,OB(C1=C(C=CC=C1)CN(C(C)C)C(C)C)O,10,11,24.0,,fluorobenzene,,,10.1039/b712008g,O=C(c1ccccc1)N1CCOCC1
127,C1COCCN1,1,OC(C1=CC=CC=C1)=O,1.0,OB(C1=C(C=CC=C1)CN(C(C)C)C(C)C)O,5,16,24.0,,Toluene,,,10.1039/b712008g,O=C(c1ccccc1)N1CCOCC1
128,C1COCCN1,1,OC(C1=CC=CC=C1)=O,1.0,OB(C1=C(C=CC=C1)CN(C(C)C)C(C)C)O,10,21,30.0,,Toluene,,,10.1039/b712008g,O=C(c1ccccc1)N1CCOCC1
129,NC(C)C1=CC=CC=C1,1,OC(C1=CC=CC=C1)=O,1.0,OB(C1=C(C=CC=C1)CN(C(C)C)C(C)C)O,10,52,48.0,85.0,fluorobenzene,,,10.1039/b712008g,CC(NC(=O)c1ccccc1)c1ccccc1
130,NC(C)C1=CC=CC=C1,1,OC(C1=CC=CC=C1)=O,1.0,OB(C1=C(C=CC=C1)CN(C(C)C)C(C)C)O,5,49,24.0,,Toluene,,,10.1039/b712008g,CC(NC(=O)c1ccccc1)c1ccccc1
131,NC(C)C1=CC=CC=C1,1,OC(C1=CC=CC=C1)=O,1.0,OB(C1=C(C=CC=C1)CN(C(C)C)C(C)C)O,10,71,24.0,,Toluene,,,10.1039/b712008g,CC(NC(=O)c1ccccc1)c1ccccc1
132,NCC1=CC=CC=C1,1,OC(C(C)(C)C)=O,1.0,OB(C1=C(C=CC=C1)CN(C(C)C)C(C)C)O,10,15,24.0,85.0,fluorobenzene,,,10.1039/b712008g,CC(C)(C)C(=O)NCc1ccccc1
133,NCC1=CC=CC=C1,1,OC(C(C)(C)C)=O,1.0,OB(C1=C(C=CC=C1)CN(C(C)C)C(C)C)O,5,42,30.0,,Toluene,,,10.1039/b712008g,CC(C)(C)C(=O)NCc1ccccc1
134,NCC1=CC=CC=C1,1,OC(C(C)(C)C)=O,1.0,OB(C1=C(C=CC=C1)CN(C(C)C)C(C)C)O,10,49,30.0,,Toluene,,,10.1039/b712008g,CC(C)(C)C(=O)NCc1ccccc1
135,NCC1=CC=CC=C1,1,OC(CC1=CC=CC=C1)=O,1.0,FC1=CC=CC=C1B(O)O,20,98,48.0,25.0,DCM,,,10.1002/anie.200705468,O=C(Cc1ccccc1)NCc1ccccc1
136,NCC1=CC=CC=C1,1,OC(CC1=CC=CC=C1)=O,1.0,ClC1=CC=CC=C1B(O)O,20,99,48.0,25.0,DCM,,,10.1002/anie.200705468,O=C(Cc1ccccc1)NCc1ccccc1
137,NCC1=CC=CC=C1,1,OC(CC1=CC=CC=C1)=O,1.0,BrC1=CC=CC=C1B(O)O,20,99,48.0,25.0,DCM,,,10.1002/anie.200705468,O=C(Cc1ccccc1)NCc1ccccc1
138,NCC1=CC=CC=C1,1,OC(CC1=CC=CC=C1)=O,1.0,IC1=CC=CC=C1B(O)O,20,99,48.0,25.0,DCM,,,10.1002/anie.200705468,O=C(Cc1ccccc1)NCc1ccccc1
139,NCC1=CC=CC=C1,1,OC(CC1=CC=CC=C1)=O,1.0,FC1=CC=CC(F)=C1B(O)O,20,85,48.0,37.5,DCM,,,10.1002/anie.200705468,O=C(Cc1ccccc1)NCc1ccccc1
140,NCC1=CC=CC=C1,1,OC(CC1=CC=CC=C1)=O,1.0,FC1=CC=CC(F)=C1B(O)O,20,42,48.0,25.0,DCM,,,10.1002/anie.200705468,O=C(Cc1ccccc1)NCc1ccccc1
141,NCC1=CC=CC=C1,1,OC(CC1=CC=CC=C1)=O,1.0,ClC1=CC=CC(Cl)=C1B(O)O,20,10,48.0,25.0,DCM,,,10.1002/anie.200705468,O=C(Cc1ccccc1)NCc1ccccc1
142,NCC1=CC=CC=C1,1,OC(CC1=CC=CC=C1)=O,1.0,FC1=CC=CC(I)=C1B(O)O,20,50,48.0,25.0,DCM,,,10.1002/anie.200705468,O=C(Cc1ccccc1)NCc1ccccc1
143,NCC1=CC=CC=C1,1,OC(CC1=CC=CC=C1)=O,1.0,FC1=CC=CC(Br)=C1B(O)O,20,33,48.0,25.0,DCM,,,10.1002/anie.200705468,O=C(Cc1ccccc1)NCc1ccccc1
144,NCC1=CC=CC=C1,1,OC(CC1=CC=CC=C1)=O,1.0,FC1=CC(F)=CC=C1B(O)O,20,99,48.0,37.5,DCM,,,10.1002/anie.200705468,O=C(Cc1ccccc1)NCc1ccccc1
145,NCC1=CC=CC=C1,1,OC(CC1=CC=CC=C1)=O,1.0,FC1=CC(F)=CC=C1B(O)O,20,63,48.0,25.0,DCM,,,10.1002/anie.200705468,O=C(Cc1ccccc1)NCc1ccccc1
146,NCC1=CC=CC=C1,1,OC(CC1=CC=CC=C1)=O,1.0,FC1=C(F)C(F)=C(F)C(F)=C1B(O)O,20,11,48.0,37.5,DCM,,,10.1002/anie.200705468,O=C(Cc1ccccc1)NCc1ccccc1
147,NCC1=CC=CC=C1,1,OC(CC1=CC=CC=C1)=O,1.0,OB(O)C1=C(Br)C=C(F)C(F)=C1,20,64,48.0,37.5,DCM,,,10.1002/anie.200705468,O=C(Cc1ccccc1)NCc1ccccc1
148,NCC1=CC=CC=C1,1,OC(CC1=CC=CC=C1)=O,1.0,OB(O)C1=CC(F)=C(F)C(F)=C1,20,85,48.0,37.5,DCM,,,10.1002/anie.200705468,O=C(Cc1ccccc1)NCc1ccccc1
149,NCC1=CC=CC=C1,1,OC(CC1=CC=CC=C1)=O,1.0,OB(O)C1=CC(F)=C(F)C(F)=C1,20,56,48.0,25.0,DCM,,,10.1002/anie.200705468,O=C(Cc1ccccc1)NCc1ccccc1
150,NCC1=CC=CC=C1,1,OC(CC1=CC=CC=C1)=O,1.0,OB(O)C1=CC(C(F)(F)F)=CC(C(F)(F)F)=C1,20,92,48.0,37.5,DCM,,,10.1002/anie.200705468,O=C(Cc1ccccc1)NCc1ccccc1
151,NCC1=CC=CC=C1,1,OC(CC1=CC=CC=C1)=O,1.0,OB(O)C1=CC(C(F)(F)F)=CC=C1Br,20,60,48.0,25.0,DCM,,,10.1002/anie.200705468,O=C(Cc1ccccc1)NCc1ccccc1
152,NCC1=CC=CC=C1,1,OC(CC1=CC=CC=C1)=O,1.0,OB(O)C1=C(C(F)(F)F)C=CC=C1,20,28,48.0,37.5,DCM,,,10.1002/anie.200705468,O=C(Cc1ccccc1)NCc1ccccc1
153,NCC1=CC=CC=C1,1,OC(CC1=CC=CC=C1)=O,1.0,OB(O)C1=CC=C(C(O)=O)C=C1Cl,20,49,48.0,25.0,DCM,,,10.1002/anie.200705468,O=C(Cc1ccccc1)NCc1ccccc1
154,NCC1=CC=CC=C1,1,OC(CC1=CC=CC=C1)=O,1.0,OB(O)C1=CC=C(C(OC)=O)C=C1Cl,20,77,48.0,25.0,DCM,,,10.1002/anie.200705468,O=C(Cc1ccccc1)NCc1ccccc1
155,NCC1=CC=CC=C1,1,OC(CC1=CC=CC=C1)=O,1.0,OB(O)C1=CC=CN=C1,20,0,48.0,37.5,DCM,,,10.1002/anie.200705468,O=C(Cc1ccccc1)NCc1ccccc1
156,NCC1=CC=CC=C1,1,OC(CC1=CC=CC=C1)=O,1.0,OB(O)C1=CC=NC=C1,20,0,48.0,37.5,DCM,,,10.1002/anie.200705468,O=C(Cc1ccccc1)NCc1ccccc1
157,NCC1=CC=CC=C1,1,OC(CC1=CC=CC=C1)=O,1.0,OB(O)C1=C2C(C=CC=N2)=CC=C1,20,0,48.0,37.5,DCM,,,10.1002/anie.200705468,O=C(Cc1ccccc1)NCc1ccccc1
158,NCC1=CC=CC=C1,1,OC(CC1=CC=CC=C1)=O,1.0,OB(O)C1=CC=C(C(OC)=O)C=C1[N+]([O-])=O,20,53,48.0,25.0,DCM,,,10.1002/anie.200705468,O=C(Cc1ccccc1)NCc1ccccc1
159,NCC1=CC=CC=C1,1,OC(CC1=CC=CC=C1)=O,1.0,OB(O)C1=CC=CC=C1[N+]([O-])=O,20,99,48.0,37.5,DCM,,,10.1002/anie.200705468,O=C(Cc1ccccc1)NCc1ccccc1
160,NCC1=CC=CC=C1,1,OC(CC1=CC=CC=C1)=O,1.0,OB(O)C1=CC=CC=C1[N+]([O-])=O,20,72,48.0,25.0,DCM,,,10.1002/anie.200705468,O=C(Cc1ccccc1)NCc1ccccc1
161,NCC1=CC=CC=C1,1,OC(CC1=CC=CC=C1)=O,1.0,OB(O)C1=CC=CC=C1,20,31,48.0,37.5,DCM,,,10.1002/anie.200705468,O=C(Cc1ccccc1)NCc1ccccc1
162,NCC1=CC=CC=C1,1,OC(CC1=CC=CC=C1)=O,1.0,OB(O)C1=CC=CC=C1C,20,75,48.0,37.5,DCM,,,10.1002/anie.200705468,O=C(Cc1ccccc1)NCc1ccccc1
163,NCC1=CC=CC=C1,1,OC(CC1=CC=CC=C1)=O,1.0,OB(O)C1=CC=CC=C1C,20,15,48.0,25.0,DCM,,,10.1002/anie.200705468,O=C(Cc1ccccc1)NCc1ccccc1
164,NCC1=CC=CC=C1,1,OC(CC1=CC=CC=C1)=O,1.0,OB(O)C1=CC=CC=C1C(C)C,20,0,48.0,37.5,DCM,,,10.1002/anie.200705468,O=C(Cc1ccccc1)NCc1ccccc1
165,NCC1=CC=CC=C1,1,OC(CC1=CC=CC=C1)=O,1.0,OB(O)C1=C(C)C=CC=C1C,20,89,48.0,37.5,DCM,,,10.1002/anie.200705468,O=C(Cc1ccccc1)NCc1ccccc1
166,NCC1=CC=CC=C1,1,OC(CC1=CC=CC=C1)=O,1.0,OB(O)C1=C(C)C=CC=C1C,20,21,48.0,25.0,DCM,,,10.1002/anie.200705468,O=C(Cc1ccccc1)NCc1ccccc1
167,NCC1=CC=CC=C1,1,OC(CC1=CC=CC=C1)=O,1.0,OB(O)C1=CC=CC=C1C2=CC=CC=C2,20,3,48.0,37.5,DCM,,,10.1002/anie.200705468,O=C(Cc1ccccc1)NCc1ccccc1
168,NCC1=CC=CC=C1,1,OC(CC1=CC=CC=C1)=O,1.0,OB(O)C1=CC([N+]([O-])=O)=CC=C1C,20,7,48.0,37.5,DCM,,,10.1002/anie.200705468,O=C(Cc1ccccc1)NCc1ccccc1
169,NCC1=CC=CC=C1,1,OC(CC1=CC=CC=C1)=O,1.0,OB(O)C1=CC=CC2=CC=CC=C21,20,0,48.0,37.5,DCM,,,10.1002/anie.200705468,O=C(Cc1ccccc1)NCc1ccccc1
170,NCC1=CC=CC=C1,1,OC(CC1=CC=CC=C1)=O,1.0,OB(O)C1=CC=CC=C1C#N,20,86,48.0,37.5,DCM,,,10.1002/anie.200705468,O=C(Cc1ccccc1)NCc1ccccc1
171,NCC1=CC=CC=C1,1,OC(CC1=CC=CC=C1)=O,1.0,OB(O)C1=CC=C(F)C=C1C,20,94,48.0,37.5,DCM,,,10.1002/anie.200705468,O=C(Cc1ccccc1)NCc1ccccc1
172,NCC1=CC=CC=C1,1,OC(CC1=CC=CC=C1)=O,1.0,OB(O)C1=CC([N+]([O-])=O)=CC([N+]([O-])=O)=C1C,20,0,48.0,37.5,DCM,,,10.1002/anie.200705468,O=C(Cc1ccccc1)NCc1ccccc1
173,NCC1=CC=CC=C1,1,OC(CC1=CC=CC=C1)=O,1.0,OB(O)C1=CC=CC=C1COC,20,99,48.0,25.0,DCM,,,10.1002/anie.200705468,O=C(Cc1ccccc1)NCc1ccccc1
174,NCC1=CC=CC=C1,1,OC(CC1=CC=CC=C1)=O,1.0,OB(O)C1=CC=CC=C1C(O)=O,20,0,48.0,37.5,DCM,,,10.1002/anie.200705468,O=C(Cc1ccccc1)NCc1ccccc1
175,NCC1=CC=CC=C1,1,OC(CC1=CC=CC=C1)=O,1.0,OB(O)C1=CC=CC=C1CCO,20,0,48.0,37.5,DCM,,,10.1002/anie.200705468,O=C(Cc1ccccc1)NCc1ccccc1
176,NCC1=CC=CC=C1,1,OC(CC1=CC=CC=C1)=O,1.0,OB(O)C1=CC=CC=C1O,20,0,48.0,37.5,DCM,,,10.1002/anie.200705468,O=C(Cc1ccccc1)NCc1ccccc1
177,NCC1=CC=CC=C1,1,OC(CC1=CC=CC=C1)=O,1.0,OB(O)C1=CC=CC=C1S(C)=O,20,65,48.0,37.5,DCM,,,10.1002/anie.200705468,O=C(Cc1ccccc1)NCc1ccccc1
178,NCC1=CC=CC=C1,1,OC(CC1=CC=CC=C1)=O,1.0,OB(O)C1=CC=CC=C1NC(C)=O,20,15,48.0,37.5,DCM,,,10.1002/anie.200705468,O=C(Cc1ccccc1)NCc1ccccc1
179,NCC1=CC=CC=C1,1,OC(CC1=CC=CC=C1)=O,1.0,OB(O)C1=CC=CC=C1C(N)=O,20,16,48.0,37.5,DCM,,,10.1002/anie.200705468,O=C(Cc1ccccc1)NCc1ccccc1
180,NCC1=CC=CC=C1,1,OC(CC1=CC=CC=C1)=O,1.0,OB1C2=CC=CC=C2CO1,20,0,48.0,37.5,DCM,,,10.1002/anie.200705468,O=C(Cc1ccccc1)NCc1ccccc1
181,NCC1=CC=CC=C1,1,OC(CC1=CC=CC=C1)=O,1.0,OB(O)C1=CC=CC=C1C([H])=O,20,0,48.0,37.5,DCM,,,10.1002/anie.200705468,O=C(Cc1ccccc1)NCc1ccccc1
182,NCC1=CC=CC=C1,1,OC(CC1=CC=CC=C1)=O,1.0,OB(O)C1=CC=CC=C1SC,20,82,48.0,25.0,DCM,,,10.1002/anie.200705468,O=C(Cc1ccccc1)NCc1ccccc1
183,NCC1=CC=CC=C1,1,OC(CC1=CC=CC=C1)=O,1.0,OB(O)C1=CC=CC=C1OC,20,15,48.0,37.5,DCM,,,10.1002/anie.200705468,O=C(Cc1ccccc1)NCc1ccccc1
184,NCC1=CC=CC=C1,1,OC(CC1=CC=CC=C1)=O,1.0,OB(O)C1=CC=CC=C1COCOC,20,31,48.0,37.5,DCM,,,10.1002/anie.200705468,O=C(Cc1ccccc1)NCc1ccccc1
185,NCC1=CC=CC=C1,1,OC(CC1=CC=CC=C1)=O,1.0,OB(O)C1=CC=CC=C1CN(C)C,20,0,48.0,37.5,DCM,,,10.1002/anie.200705468,O=C(Cc1ccccc1)NCc1ccccc1
186,NCC1=CC=CC=C1,1,OC(CC1=CC=CC=C1)=O,1.1,OB(O)C1=C(Br)C(F)=C(F)C(F)=C1,10,5,0.5,25.0,DCM,,,10.1021/jo3013258,O=C(Cc1ccccc1)NCc1ccccc1
187,NCC1=CC=CC=C1,1,OC(CC1=CC=CC=C1)=O,1.1,OB(O)C1=C(Br)C=CC=C1,10,20,0.5,25.0,DCM,,,10.1021/jo3013258,O=C(Cc1ccccc1)NCc1ccccc1
188,NCC1=CC=CC=C1,1,OC(CC1=CC=CC=C1)=O,1.1,OB(O)C1=C(I)C=CC(F)=C1,10,66,2.0,25.0,DCM,,,10.1021/jo3013258,O=C(Cc1ccccc1)NCc1ccccc1
189,NCC1=CC=CC=C1,1,OC(CC1=CC=CC=C1)=O,1.1,OB(O)C1=C(I)C=CC=C1,10,90,2.0,25.0,DCM,,,10.1021/jo3013258,O=C(Cc1ccccc1)NCc1ccccc1
190,NCC1=CC=CC=C1,1,OC(CC1=CC=CC=C1)=O,1.1,OB(O)C1=C(I)C=CC=C1,10,46,0.5,25.0,DCM,,,10.1021/jo3013258,O=C(Cc1ccccc1)NCc1ccccc1
191,NCC1=CC=CC=C1,1,OC(CC1=CC=CC=C1)=O,1.1,OB(O)C1=C(I)C=C(OC)C(OC)=C1,10,47,0.5,25.0,DCM,,,10.1021/jo3013258,O=C(Cc1ccccc1)NCc1ccccc1
192,NCC1=CC=CC=C1,1,OC(CC1=CC=CC=C1)=O,1.1,OB(O)C1=C(I)C(C)=C(OC)C(OC)=C1,10,66,0.5,25.0,DCM,,,10.1021/jo3013258,O=C(Cc1ccccc1)NCc1ccccc1
193,C1CCCN1,1,OC(CC1=CC=CC=C1)=O,1.1,OB(O)C1=C(I)C=CC=C1,10,38,6.0,25.0,DCM,,,10.1021/jo3013258,O=C(Cc1ccccc1)N1CCCC1
194,C1CCCN1,1,OC(CC1=CC=CC=C1)=O,1.1,OB(O)C1=C(I)C(OC)=C(OC)C(OC)=C1,10,52,6.0,25.0,DCM,,,10.1021/jo3013258,O=C(Cc1ccccc1)N1CCCC1
195,C1CCCN1,1,OC(CC1=CC=CC=C1)=O,1.1,OB(O)C1=C(I)C=CC(OC)=C1,10,72,6.0,25.0,DCM,,,10.1021/jo3013258,O=C(Cc1ccccc1)N1CCCC1
196,C1CCCN1,1,OC(CC1=CC=CC=C1)=O,1.1,OB(O)C1=C(I)C=CC(OCC2=CC=CC=C2)=C1,10,65,6.0,25.0,DCM,,,10.1021/jo3013258,O=C(Cc1ccccc1)N1CCCC1
197,C1CCCN1,1,OC(CC1=CC=CC=C1)=O,1.1,OB(O)C1=C(I)C=C(F)C(OC)=C1,10,60,6.0,25.0,DCM,,,10.1021/jo3013258,O=C(Cc1ccccc1)N1CCCC1
198,C1CCCN1,1,OC(CC1=CC=CC=C1)=O,1.1,OB(O)C1=C(I)C=C(C(OC)=O)C(OC)=C1,10,40,6.0,25.0,DCM,,,10.1021/jo3013258,O=C(Cc1ccccc1)N1CCCC1
199,NCC1=CC=CC=C1,1,O=C(O)CC1=CC=CC=C1,1.1,OB(O)C1=CC(F)=C(F)C(F)=C1,10,41,2.0,25.0,DCM,,,10.1021/jo3013258,O=C(Cc1ccccc1)NCc1ccccc1
200,NCC1=CC=CC=C1,1,O=C(O)CC1=CC=CC=C1,1.1,OB(O)C1=C(CN(C(C)C)C(C)C)C=CC=C1,10,3,2.0,25.0,DCM,,,10.1021/jo3013258,O=C(Cc1ccccc1)NCc1ccccc1
201,NCC1=CC=CC=C1,1,O=C(O)CC1=CC=CC=C1,1.1,OB(O)C1=C(I)C=CC=C1,10,71,2.0,25.0,DCM,,,10.1021/jo3013258,O=C(Cc1ccccc1)NCc1ccccc1
202,NCC1=CC=CC=C1,1,O=C(O)CC1=CC=CC=C1,1.1,OB(O)C1=C(I)C=CC(OC)=C1,10,98,2.0,25.0,DCM,,,10.1021/jo3013258,O=C(Cc1ccccc1)NCc1ccccc1
203,NCC(C)C,1,O=C(O)C(C1=CC=CC=C1)C2=CC=CC=C2,1.1,OB(O)C1=CC(F)=C(F)C(F)=C1,10,17,6.0,25.0,DCM,,,10.1021/jo3013258,CC(C)CNC(=O)C(c1ccccc1)c1ccccc1
204,NCC(C)C,1,O=C(O)C(C1=CC=CC=C1)C2=CC=CC=C2,1.1,OB(O)C1=C(CN(C(C)C)C(C)C)C=CC=C1,10,3,6.0,25.0,DCM,,,10.1021/jo3013258,CC(C)CNC(=O)C(c1ccccc1)c1ccccc1
205,NCC(C)C,1,O=C(O)C(C1=CC=CC=C1)C2=CC=CC=C2,1.1,OB(O)C1=C(I)C=CC=C1,10,44,6.0,25.0,DCM,,,10.1021/jo3013258,CC(C)CNC(=O)C(c1ccccc1)c1ccccc1
206,NCC(C)C,1,O=C(O)C(C1=CC=CC=C1)C2=CC=CC=C2,1.1,OB(O)C1=C(I)C=CC(OC)=C1,10,58,6.0,25.0,DCM,,,10.1021/jo3013258,CC(C)CNC(=O)C(c1ccccc1)c1ccccc1
207,NCCCCCC,1,O=C(O)CC1=CC=CC=C1,1.1,OB(O)C1=C(I)C=CC=C1,10,60,6.0,25.0,DCM,,,10.1021/jo3013258,CCCCCCNC(=O)Cc1ccccc1
208,NCCCCCC,1,O=C(O)CC1=CC=CC=C1,1.1,OB(O)C1=C(I)C=CC(OC)=C1,10,85,6.0,25.0,DCM,,,10.1021/jo3013258,CCCCCCNC(=O)Cc1ccccc1
209,NCC(C)C,1,O=C(O)CC1=CC=CC=C1,1.1,OB(O)C1=C(I)C=CC=C1,10,68,2.0,25.0,DCM,,,10.1021/jo3013258,CC(C)CNC(=O)Cc1ccccc1
210,NCC(C)C,1,O=C(O)CC1=CC=CC=C1,1.1,OB(O)C1=C(I)C=CC(OC)=C1,10,90,2.0,25.0,DCM,,,10.1021/jo3013258,CC(C)CNC(=O)Cc1ccccc1
211,NCC1=CC=CC=C1,1,CCCCCCC(O)=O,1.1,OB(O)C1=C(I)C=CC=C1,10,80,6.0,25.0,DCM,,,10.1021/jo3013258,CCCCCCC(=O)NCc1ccccc1
212,NCC1=CC=CC=C1,1,CCCCCCC(O)=O,1.1,OB(O)C1=C(I)C=CC(OC)=C1,10,92,6.0,25.0,DCM,,,10.1021/jo3013258,CCCCCCC(=O)NCc1ccccc1
213,NCCCCCC,1,CCCCCCCCCCCCCCCC(O)=O,1.1,OB(O)C1=C(I)C=CC=C1,10,70,6.0,25.0,DCM,,,10.1021/jo3013258,CCCCCCCCCCCCCCCC(=O)NCCCCCC
214,NCCCCCC,1,CCCCCCCCCCCCCCCC(O)=O,1.1,OB(O)C1=C(I)C=CC(OC)=C1,10,95,6.0,25.0,DCM,,,10.1021/jo3013258,CCCCCCCCCCCCCCCC(=O)NCCCCCC
215,N1CCCC1,1,O=C(O)CC1=CC=CC=C1,1.1,OB(O)C1=C(I)C=CC=C1,10,66,6.0,25.0,DCM,,,10.1021/jo3013258,O=C(Cc1ccccc1)N1CCCC1
216,N1CCCC1,1,O=C(O)CC1=CC=CC=C1,1.1,OB(O)C1=C(I)C=CC(OC)=C1,10,91,6.0,25.0,DCM,,,10.1021/jo3013258,O=C(Cc1ccccc1)N1CCCC1
217,N1CCCCC1,1,O=C(O)CC1=CC=CC=C1,1.1,OB(O)C1=C(I)C=CC=C1,10,55,48.0,25.0,DCM,,,10.1021/jo3013258,O=C(Cc1ccccc1)N1CCCCC1
218,N1CCCCC1,1,O=C(O)CC1=CC=CC=C1,1.1,OB(O)C1=C(I)C=CC(OC)=C1,10,70,48.0,25.0,DCM,,,10.1021/jo3013258,O=C(Cc1ccccc1)N1CCCCC1
219,CNCC1=CC=CC=C1,1,O=C(O)CC1=CC=CC=C1,1.1,OB(O)C1=C(I)C=CC=C1,10,0,48.0,25.0,DCM,,,10.1021/jo3013258,CN(Cc1ccccc1)C(=O)Cc1ccccc1
220,CNCC1=CC=CC=C1,1,O=C(O)CC1=CC=CC=C1,1.1,OB(O)C1=C(I)C=CC(OC)=C1,10,0,48.0,25.0,DCM,,,10.1021/jo3013258,CN(Cc1ccccc1)C(=O)Cc1ccccc1
221,NCC1=CC=CC=C1,1,O=C(O)C1=CC=C(I)C=C1,1.1,OB(O)C1=CC(F)=C(F)C(F)=C1,20,12,48.0,50.0,Toluene,,,10.1021/jo3013258,O=C(NCc1ccccc1)c1ccc(I)cc1
222,NCC1=CC=CC=C1,1,O=C(O)C1=CC=C(I)C=C1,1.1,OB(O)C1=C(CN(C(C)C)C(C)C)C=CC=C1,20,5,48.0,50.0,Toluene,,,10.1021/jo3013258,O=C(NCc1ccccc1)c1ccc(I)cc1
223,NCC1=CC=CC=C1,1,O=C(O)C1=CC=C(I)C=C1,1.1,OB(O)C1=C(I)C=CC=C1,20,22,48.0,50.0,Toluene,,,10.1021/jo3013258,O=C(NCc1ccccc1)c1ccc(I)cc1
224,NCC1=CC=CC=C1,1,O=C(O)C1=CC=C(I)C=C1,1.1,OB(O)C1=C(I)C=CC(OC)=C1,20,30,48.0,50.0,Toluene,,,10.1021/jo3013258,O=C(NCc1ccccc1)c1ccc(I)cc1
225,NCC1=CC=CC=C1,1,O=C(O)C1=CC=CO1,1.1,OB(O)C1=C(I)C=CC=C1,20,38,48.0,50.0,DCM,,,10.1021/jo3013258,O=C(NCc1ccccc1)c1ccco1
226,NCC1=CC=CC=C1,1,O=C(O)C1=CC=CO1,1.1,OB(O)C1=C(I)C=CC(OC)=C1,20,53,48.0,50.0,DCM,,,10.1021/jo3013258,O=C(NCc1ccccc1)c1ccco1
227,NCC1=CC=CC=C1,1,O=C(C1=COC=C1)O,1.1,OB(O)C1=C(I)C=CC=C1,20,32,48.0,50.0,DCM,,,10.1021/jo3013258,O=C(NCc1ccccc1)c1ccoc1
228,NCC1=CC=CC=C1,1,O=C(C1=COC=C1)O,1.1,OB(O)C1=C(I)C=CC(OC)=C1,20,44,48.0,50.0,DCM,,,10.1021/jo3013258,O=C(NCc1ccccc1)c1ccoc1
229,NCC1=CC=CC=C1,1,O=C(C1=CC=CS1)O,1.1,OB(O)C1=C(I)C=CC=C1,20,51,48.0,50.0,DCM,,,10.1021/jo3013258,O=C(NCc1ccccc1)c1cccs1
230,NCC1=CC=CC=C1,1,O=C(C1=CC=CS1)O,1.1,OB(O)C1=C(I)C=CC(OC)=C1,20,73,48.0,50.0,DCM,,,10.1021/jo3013258,O=C(NCc1ccccc1)c1cccs1
231,NCCC1=CC=C(O)C=C1,1,O=C(CC1=CC=CC=C1)O,1.1,OB(O)C1=C(I)C=CC=C1,10,45,24.0,25.0,DCM,,,10.1021/jo3013258,O=C(Cc1ccccc1)NCCc1ccc(O)cc1
232,NCCC1=CC=C(O)C=C1,1,O=C(CC1=CC=CC=C1)O,1.1,OB(O)C1=C(I)C=CC(OC)=C1,10,70,24.0,25.0,DCM,,,10.1021/jo3013258,O=C(Cc1ccccc1)NCCc1ccc(O)cc1
233,NCC1=CN=CC=C1,1,O=C(CC1=CC=CC=C1)O,1.1,OB(O)C1=C(I)C=CC=C1,20,80,48.0,40.0,DCM,,,10.1021/jo3013258,O=C(Cc1ccccc1)NCc1cccnc1
234,NCC1=CN=CC=C1,1,O=C(CC1=CC=CC=C1)O,1.1,OB(O)C1=C(I)C=CC(OC)=C1,20,99,48.0,40.0,DCM,,,10.1021/jo3013258,O=C(Cc1ccccc1)NCc1cccnc1
235,NCC1=CC=CC=C1,1,O=C(O)CN1C=CC2=CC=CC=C21,1.1,OB(O)C1=C(I)C=CC=C1,10,73,4.0,25.0,DCM,,,10.1021/jo3013258,O=C(Cn1ccc2ccccc21)NCc1ccccc1
236,NCC1=CC=CC=C1,1,O=C(O)CN1C=CC2=CC=CC=C21,1.1,OB(O)C1=C(I)C=CC(OC)=C1,10,99,4.0,25.0,DCM,,,10.1021/jo3013258,O=C(Cn1ccc2ccccc21)NCc1ccccc1
237,NCCC1=CNC2=CC=CC=C21,1,O=C(CC1=CC=CC=C1)O,1.1,OB(O)C1=C(I)C=CC=C1,10,48,2.5,25.0,DCM,,,10.1021/jo3013258,O=C(Cc1ccccc1)NCCc1c[nH]c2ccccc12
238,NCCC1=CNC2=CC=CC=C21,1,O=C(CC1=CC=CC=C1)O,1.1,OB(O)C1=C(I)C=CC(OC)=C1,10,68,2.5,25.0,DCM,,,10.1021/jo3013258,O=C(Cc1ccccc1)NCCc1c[nH]c2ccccc12
239,CC1=C(C2=C(N1)C=CC(OC)=C2)CC(NCC(C)C)=O,1,ClC1=CC=C(C=C1)C(O)=O,1.1,OB(O)C1=C(I)C=CC=C1,10,50,6.0,25.0,DCM,,,10.1021/jo3013258,COc1ccc2[nH]c(C)c(CC(=O)N(CC(C)C)C(=O)c3ccc(Cl)cc3)c2c1
240,CC1=C(C2=C(N1)C=CC(OC)=C2)CC(NCC(C)C)=O,1,ClC1=CC=C(C=C1)C(O)=O,1.1,OB(O)C1=C(I)C=CC(OC)=C1,10,65,6.0,25.0,DCM,,,10.1021/jo3013258,COc1ccc2[nH]c(C)c(CC(=O)N(CC(C)C)C(=O)c3ccc(Cl)cc3)c2c1
241,CC1=C(C2=C(N1)C=CC(OC)=C2)CC(NCC3=CC=CC=C3)=O,1,ClC1=CC=C(C=C1)C(O)=O,1.1,OB(O)C1=C(I)C=CC=C1,10,62,2.0,25.0,DCM,,,10.1021/jo3013258,COc1ccc2[nH]c(C)c(CC(=O)N(Cc3ccccc3)C(=O)c3ccc(Cl)cc3)c2c1
242,CC1=C(C2=C(N1)C=CC(OC)=C2)CC(NCC3=CC=CC=C3)=O,1,ClC1=CC=C(C=C1)C(O)=O,1.1,OB(O)C1=C(I)C=CC(OC)=C1,10,85,2.0,25.0,DCM,,,10.1021/jo3013258,COc1ccc2[nH]c(C)c(CC(=O)N(Cc3ccccc3)C(=O)c3ccc(Cl)cc3)c2c1
243,NCC1=CC=CC=C1,1,CC(CC1=CC=C([C@@H](C(O)=O)C)C=C1)C,1.1,OB(O)C1=C(I)C=CC=C1,20,55,48.0,25.0,DCM,,,10.1021/jo3013258,CC(C)Cc1ccc([C@H](C)C(=O)NCc2ccccc2)cc1
244,NCC1=CC=CC=C1,1,CC(CC1=CC=C([C@@H](C(O)=O)C)C=C1)C,1.1,OB(O)C1=C(I)C=CC(OC)=C1,20,80,48.0,25.0,DCM,,,10.1021/jo3013258,CC(C)Cc1ccc([C@H](C)C(=O)NCc2ccccc2)cc1
245,NCC1=CC=CC=C1,1,CC(CC)C1=CC=C(C(C)C(O)=O)C=C1,1.0,OB(O)C1=CC(C(F)(F)F)=CC(C(F)(F)F)=C1,10,5,12.0,25.0,DCM,,,10.1039/c8cc02558d,CCC(C)c1ccc(C(C)C(=O)NCc2ccccc2)cc1
246,NCC1=CC=CC=C1,1,CC(CC)C1=CC=C(C(C)C(O)=O)C=C1,1.0,OB(C1=C(C(F)(F)F)C=C(C(F)(F)F)C=C1)O,10,64,12.0,25.0,DCM,,,10.1039/c8cc02558d,CCC(C)c1ccc(C(C)C(=O)NCc2ccccc2)cc1
247,NCC1=CC=CC=C1,1,CC(CC)C1=CC=C(C(C)C(O)=O)C=C1,1.0,OB(C1=C(C(F)(F)F)C=C(C(F)(F)F)C=C1)O,10,97,18.0,25.0,DCM,,,10.1039/c8cc02558d,CCC(C)c1ccc(C(C)C(=O)NCc2ccccc2)cc1
248,NCC1=CC=CC=C1,1,CC(CC)C1=CC=C(C(C)C(O)=O)C=C1,1.0,OB(C1=C(C(F)(F)F)C=CC=C1C(F)(F)F)O,10,5,12.0,25.0,DCM,,,10.1039/c8cc02558d,CCC(C)c1ccc(C(C)C(=O)NCc2ccccc2)cc1
249,NCC1=CC=CC=C1,1,CC(CC)C1=CC=C(C(C)C(O)=O)C=C1,1.0,OB(C1=CC=CC=C1C(F)(F)F)O,10,42,12.0,25.0,DCM,,,10.1039/c8cc02558d,CCC(C)c1ccc(C(C)C(=O)NCc2ccccc2)cc1
250,NCC1=CC=CC=C1,1,CC(CC)C1=CC=C(C(C)C(O)=O)C=C1,1.0,OB(C1=CC=CC=C1C)O,10,5,12.0,25.0,DCM,,,10.1039/c8cc02558d,CCC(C)c1ccc(C(C)C(=O)NCc2ccccc2)cc1
251,NCC1=CC=CC=C1,1,CC(CC)C1=CC=C(C(C)C(O)=O)C=C1,1.0,OB(C1=CC=CC=C1[N+]([O-])=O)O,10,9,12.0,25.0,DCM,,,10.1039/c8cc02558d,CCC(C)c1ccc(C(C)C(=O)NCc2ccccc2)cc1
252,NCC1=CC=CC=C1,1,CC(CC)C1=CC=C(C(C)C(O)=O)C=C1,1.0,OB(C1=CC=CC=C1S(F)(F)(F)(F)F)O,10,5,12.0,25.0,DCM,,,10.1039/c8cc02558d,CCC(C)c1ccc(C(C)C(=O)NCc2ccccc2)cc1
253,NCC1=CC=CC=C1,1,CC(CC)C1=CC=C(C(C)C(O)=O)C=C1,1.0,OB(C1=CC=C([N+]([O-])=O)C=C1C)O,10,31,12.0,25.0,DCM,,,10.1039/c8cc02558d,CCC(C)c1ccc(C(C)C(=O)NCc2ccccc2)cc1
254,NCC1=CC=CC=C1,1,CC(CC)C1=CC=C(C(C)C(O)=O)C=C1,1.0,OB(C1=CC=C([N+]([O-])=O)C=C1CC)O,10,39,12.0,25.0,DCM,,,10.1039/c8cc02558d,CCC(C)c1ccc(C(C)C(=O)NCc2ccccc2)cc1
255,NCC1=CC=CC=C1,1,CC(CC)C1=CC=C(C(C)C(O)=O)C=C1,1.0,OB(C1=CC=C([N+]([O-])=O)C=C1C(C)C)O,10,56,12.0,25.0,DCM,,,10.1039/c8cc02558d,CCC(C)c1ccc(C(C)C(=O)NCc2ccccc2)cc1
256,NCC1=CC=CC=C1,1,CC(CC)C1=CC=C(C(C)C(O)=O)C=C1,1.0,OB(C1=CC=CC=C1CN(C(C)C)C(C)C)O,10,5,12.0,25.0,DCM,,,10.1039/c8cc02558d,CCC(C)c1ccc(C(C)C(=O)NCc2ccccc2)cc1
257,NCC1=CC=CC=C1,1,CC(CC)C1=CC=C(C(C)C(O)=O)C=C1,1.0,OB(C1=CC(OC)=CC=C1I)O,10,46,12.0,25.0,DCM,,,10.1039/c8cc02558d,CCC(C)c1ccc(C(C)C(=O)NCc2ccccc2)cc1
258,NCCCCCC,1,OC(CCC1=CC=CC=C1)=O,1.0,OB(C1=CC=C(C(F)(F)F)C=C1C(F)(F)F)O,5,99,6.0,25.0,Toluene,,,10.1039/c8cc02558d,CCCCCCNC(=O)CCc1ccccc1
259,NC1=CC=C(OC)C=C1,1,CCC(C(O)=O)C1=CC=CC=C1,1.0,OB(C1=CC=C(C(F)(F)F)C=C1C(F)(F)F)O,10,95,36.0,85.0,fluorobenzene,,,10.1039/c8cc02558d,CCC(C(=O)Nc1ccc(OC)cc1)c1ccccc1
260,NCCCCCC,1,O=C(C12CC3CC(C2)CC(C3)C1)O,1.0,OB(C1=CC=C(C(F)(F)F)C=C1C(F)(F)F)O,10,95,12.0,110.0,Toluene,,,10.1039/c8cc02558d,CCCCCCNC(=O)C12CC3CC(CC(C3)C1)C2
261,NCC1=CC=CC=C1,1,OC(C1=CC=CC=C1)=O,1.0,OB(C1=CC=C(C(F)(F)F)C=C1C(F)(F)F)O,5,94,20.0,85.0,fluorobenzene,,,10.1039/c8cc02558d,O=C(NCc1ccccc1)c1ccccc1
262,N[C@@H](C(C)C)C(OC)=O,1,OC(C1=CC=CC=C1)=O,1.0,OB(C1=CC=C(C(F)(F)F)C=C1C(F)(F)F)O,15,94,36.0,85.0,fluorobenzene,,,10.1039/c8cc02558d,COC(=O)[C@@H](NC(=O)c1ccccc1)C(C)C
263,C1CNCCO1,1,OC(C1=CC=CC=C1)=O,1.0,OB(C1=CC=C(C(F)(F)F)C=C1C(F)(F)F)O,5,90,24.0,110.0,Toluene,,,10.1039/c8cc02558d,O=C(c1ccccc1)N1CCOCC1
264,N[C@@H](CC1=CC=CC=C1)C(OC)=O,1,OC(C1=NC=CN=C1)=O,1.0,OB(C1=CC=C(C(F)(F)F)C=C1C(F)(F)F)O,15,96,24.0,85.0,fluorobenzene,,,10.1039/c8cc02558d,COC(=O)[C@H](Cc1ccccc1)NC(=O)c1cnccn1
265,NOCC1=CC=CC=C1,1,CCC(C(O)=O)C1=CC=CC=C1,1.0,OB(O)C1=CC(C(F)(F)F)=CC(C(F)(F)F)=C1,10,5,25.0,85.0,fluorobenzene,,,10.1039/c5sc03761a,CCC(C(=O)NOCc1ccccc1)c1ccccc1
266,NC1=CC=C(OC)C=C1,1,CCC(C(O)=O)C1=CC=CC=C1,1.0,OB(O)C1=CC(C(F)(F)F)=CC(C(F)(F)F)=C1,10,5,17.0,85.0,fluorobenzene,,,10.1039/c5sc03761a,CCC(C(=O)Nc1ccc(OC)cc1)c1ccccc1
267,NC1CCCCC1,1,CC(C(O)=O)CC1=CC=CC=C1,1.0,OB(O)C1=CC(C(F)(F)F)=CC(C(F)(F)F)=C1,5,5,18.0,110.0,Toluene,,,10.1039/c5sc03761a,CC(Cc1ccccc1)C(=O)NC1CCCCC1
268,CNCC1=CC=CC=C1,1,OC(C1CCCCC1)=O,1.0,OB(O)C1=CC(C(F)(F)F)=CC(C(F)(F)F)=C1,10,5,18.0,110.0,Toluene,,,10.1039/c5sc03761a,CN(Cc1ccccc1)C(=O)C1CCCCC1
269,NC1=CC=C(OC)C=C1,1,OC(C1=CC=CC=C1)=O,1.0,OB(O)C1=CC(C(F)(F)F)=CC(C(F)(F)F)=C1,5,19,23.0,110.0,Toluene,,,10.1039/c5sc03761a,COc1ccc(NC(=O)c2ccccc2)cc1
270,NOCC1=CC=CC=C1,1,OC(C1=CC=CC=C1)=O,1.0,OB(O)C1=CC(C(F)(F)F)=CC(C(F)(F)F)=C1,10,23,12.0,110.0,Toluene,,,10.1039/c5sc03761a,O=C(NOCc1ccccc1)c1ccccc1
271,N[C@@H](C(C)C)C(OC)=O,1,OC(C1=CC=CC=C1)=O,1.0,OB(O)C1=CC(C(F)(F)F)=CC(C(F)(F)F)=C1,15,30,23.0,85.0,fluorobenzene,,,10.1039/c5sc03761a,COC(=O)[C@@H](NC(=O)c1ccccc1)C(C)C
272,N[C@@H](C(C)C)C(OC)=O,1,OC(C1=CC=CC=C1)=O,1.0,OB(O)C1=C(CN(C(C)C)C(C)C)C=CC=C1,15,2,23.0,85.0,fluorobenzene,,,10.1039/c5sc03761a,COC(=O)[C@@H](NC(=O)c1ccccc1)C(C)C
273,N[C@@H](C(C)C)C(OC)=O,1,OC(C1=CC=CC=C1)=O,1.0,OB(O)C1=C(I)C=CC(OC)=C1,15,17,23.0,85.0,fluorobenzene,,,10.1039/c5sc03761a,COC(=O)[C@@H](NC(=O)c1ccccc1)C(C)C
274,N[C@@H](C)C1=CC=CC=C1,1,OC(C1=CC=CC2=C1C=CC=C2)=O,1.0,OB(O)C1=CC(C(F)(F)F)=CC(C(F)(F)F)=C1,5,5,9.0,110.0,Toluene,,,10.1039/c5sc03761a,C[C@H](NC(=O)c1cccc2ccccc12)c1ccccc1
275,N[C@@H](C)C1=CC=CC=C1,1,OC(C1=CC=CC2=C1C=CC=C2)=O,1.0,OB(O)C1=C(CN(C(C)C)C(C)C)C=CC=C1,5,39,9.0,110.0,Toluene,,,10.1039/c5sc03761a,C[C@H](NC(=O)c1cccc2ccccc12)c1ccccc1
276,N[C@@H](C)C1=CC=CC=C1,1,OC(C1=CC=CC2=C1C=CC=C2)=O,1.0,OB(O)C1=C(I)C=CC(OC)=C1,5,5,9.0,110.0,Toluene,,,10.1039/c5sc03761a,C[C@H](NC(=O)c1cccc2ccccc12)c1ccccc1
277,CNCC1=CC=CC=C1,1,OC(C1=CC=CC=C1)=O,1.0,OB(O)C1=CC(C(F)(F)F)=CC(C(F)(F)F)=C1,5,32,8.0,110.0,Toluene,,,10.1039/c5sc03761a,CN(Cc1ccccc1)C(=O)c1ccccc1
278,FC(C1=NN=C2N1CCNC2)(F)F,1,FC1=C(C[C@@H](NC(OC(C)(C)C)=O)CC(O)=O)C=C(F)C(F)=C1,1.0,OB(O)C1=CC(C(F)(F)F)=CC(C(F)(F)F)=C1,10,55,23.0,85.0,fluorobenzene,,,10.1039/c5sc03761a,CC(C)(C)OC(=O)N[C@@H](CC(=O)N1CCn2c(nnc2C(F)(F)F)C1)Cc1cc(F)c(F)cc1F
279,FC(C1=NN=C2N1CCNC2)(F)F,1,FC1=C(C[C@@H](NC(OC(C)(C)C)=O)CC(O)=O)C=C(F)C(F)=C1,1.1,OB(O)C1=CC=CC=C1,10,50,23.0,85.0,fluorobenzene,,,10.1039/c5sc03761a,CC(C)(C)OC(=O)N[C@@H](CC(=O)N1CCn2c(nnc2C(F)(F)F)C1)Cc1cc(F)c(F)cc1F
280,FC(C1=NN=C2N1CCNC2)(F)F,1,FC1=C(C[C@@H](NC(OC(C)(C)C)=O)CC(O)=O)C=C(F)C(F)=C1,1.1,OB(O)C1=CC(OC)=CC=C1I,10,53,23.0,85.0,fluorobenzene,,,10.1039/c5sc03761a,CC(C)(C)OC(=O)N[C@@H](CC(=O)N1CCn2c(nnc2C(F)(F)F)C1)Cc1cc(F)c(F)cc1F
281,NC1=CC=C(Br)C=C1,1,OC(CCC1=CC=CC=C1)=O,1.1,OB(O)C1=CC=CC=C1,5,44,17.0,110.0,Toluene,,,10.1039/c5sc03761a,O=C(CCc1ccccc1)Nc1ccc(Br)cc1
282,NCCC1=CC=CC=C1,1,OC(/C=C/C1=CC=CC=C1)=O,1.0,OB(O)C1=CC(C(F)(F)F)=CC(C(F)(F)F)=C1,5,42,12.0,85.0,fluorobenzene,,,10.1039/c5sc03761a,O=C(/C=C/c1ccccc1)NCCc1ccccc1
283,NC1=CC=C(OC)C=C1,1,OC(/C=C/C1=CC=CC=C1)=O,1.0,OB(O)C1=CC(C(F)(F)F)=CC(C(F)(F)F)=C1,5,17,15.0,85.0,fluorobenzene,,,10.1039/c5sc03761a,COc1ccc(NC(=O)/C=C/c2ccccc2)cc1
284,NC1=CC=C(OC)C=C1,1,OC(/C=C/C1=CC=CC=C1)=O,1.0,OB(O)C1=CC(OC)=CC=C1I,5,29,16.0,85.0,fluorobenzene,,,10.1039/c5sc03761a,COc1ccc(NC(=O)/C=C/c2ccccc2)cc1
285,NCCC1=CC=CC=C1,1,OC(/C=C/C1=CC=CC=C1)=O,1.0,OB(O)C1=CC(OC)=CC=C1I,5,79,10.0,85.0,fluorobenzene,,,10.1039/c5sc03761a,O=C(/C=C/c1ccccc1)NCCc1ccccc1
286,NCCC1=CC=CC=C1,1,OC(/C=C/C1=CC=CC=C1)=O,1.0,OB(O)C1=CC=CC=C1,5,4,12.0,85.0,fluorobenzene,,,10.1039/c5sc03761a,O=C(/C=C/c1ccccc1)NCCc1ccccc1
287,NC1=CC(OC)=C(OC)C(OC)=C1,1,OC(/C=C/C1=CC=CC(OC)=C1)=O,1.0,OB(O)C1=CC(C(F)(F)F)=CC(C(F)(F)F)=C1,10,49,15.0,110.0,Toluene,,,10.1039/c5sc03761a,COc1cccc(/C=C/C(=O)Nc2cc(OC)c(OC)c(OC)c2)c1
288,N1CCCCC1,1,OC(/C=C/C1=CC=CC=C1)=O,1.0,OB(O)C1=CC(C(F)(F)F)=CC(C(F)(F)F)=C1,5,78,38.0,85.0,fluorobenzene,,,10.1039/c5sc03761a,O=C(/C=C/c1ccccc1)N1CCCCC1
289,NCCC1=CC=CC=C1,1,OC(/C=C/C1CCCCC1)=O,1.0,OB(O)C1=CC(C(F)(F)F)=CC(C(F)(F)F)=C1,5,19,8.0,85.0,fluorobenzene,,,10.1039/c5sc03761a,O=C(/C=C/C1CCCCC1)NCCc1ccccc1
290,NCCC1=CC=CC=C1,1,OC(/C=C/C1CCCCC1)=O,1.0,OB(O)C1=CC(OC)=CC=C1I,5,62,7.0,85.0,fluorobenzene,,,10.1039/c5sc03761a,O=C(/C=C/C1CCCCC1)NCCc1ccccc1
291,NCCC1=CC=CC=C1,1,OC(/C=C/C1CCCCC1)=O,1.0,OB(O)C1=CC=CC=C1,10,56,19.0,85.0,fluorobenzene,,,10.1039/c5sc03761a,O=C(/C=C/C1CCCCC1)NCCc1ccccc1
292,NC1=CC=C(OC)C=C1,1,OC(/C=C/C1CCCCC1)=O,1.0,OB(O)C1=CC=CC=C1,10,32,22.0,85.0,fluorobenzene,,,10.1039/c5sc03761a,COc1ccc(NC(=O)/C=C/C2CCCCC2)cc1
293,NCCC1=CC=CC=C1,1,OC(/C=C/C=C)=O,1.0,OB(O)C1=CC(C(F)(F)F)=CC(C(F)(F)F)=C1,10,45,16.0,85.0,fluorobenzene,,,10.1039/c5sc03761a,C=C/C=C/C(=O)NCCc1ccccc1
294,NCCC1=CC=CC=C1,1,OC(/C=C/C=C/C)=O,1.0,OB(O)C1=CC(C(F)(F)F)=CC(C(F)(F)F)=C1,10,69,16.0,85.0,fluorobenzene,,,10.1039/c5sc03761a,C/C=C/C=C/C(=O)NCCc1ccccc1
295,NC1=CC=C(OC)C=C1,1,OC(/C=C/C=C/C)=O,1.0,OB(O)C1=CC(C(F)(F)F)=CC(C(F)(F)F)=C1,10,5,16.0,85.0,fluorobenzene,,,10.1039/c5sc03761a,C/C=C/C=C/C(=O)Nc1ccc(OC)cc1
296,NC1=CC=C(OC)C=C1,1,OC(/C=C/C=C/C=C/C)=O,1.0,OB(O)C1=CC(C(F)(F)F)=CC(C(F)(F)F)=C1,10,25,24.0,85.0,fluorobenzene,,,10.1039/c5sc03761a,C/C=C/C=C/C=C/C(=O)Nc1ccc(OC)cc1
297,NC1=CC=CC=C1,1,OC(C#CC)=O,1.0,OB(O)C1=CC(C(F)(F)F)=CC(C(F)(F)F)=C1,10,46,14.0,85.0,fluorobenzene,,,10.1039/c5sc03761a,CC#CC(=O)Nc1ccccc1
